MovieId,MovieName,TrailerUrl,Genre
1,Extraction,https://www.youtube.com/watch?v=L6P3nI6VnlY,Action
2,The Gentleman,https://www.youtube.com/watch?v=Ify9S7hj480,Action
3,Code 8,https://www.youtube.com/watch?v=PrX1JJ5dduA,Action
4,Avengers: Endgame,https://www.youtube.com/watch?v=TcMBFSGVi1c,Action
5,Star Wars: The Rise of Skywalker,https://www.youtube.com/watch?v=8Qn_spdM5Zg,Action
6,Birds of Prey,https://www.youtube.com/watch?v=x3HbbzHK5Mc,Action
7,Bloodshot,https://www.youtube.com/watch?v=vOUVVDWdXbo,Action
8,No Time to Die,https://www.youtube.com/watch?v=BIhNsAtPbPI,Action
9,Snowpiercer,https://www.youtube.com/watch?v=nX5PwfEMBM0,Action
10,The Dark Knight,https://www.youtube.com/watch?v=EXeTwQWrcwY,Action
11,Guns Akimbo,https://www.youtube.com/watch?v=JggpSpqxS6I,Action
12,Spenser Confidential,https://www.youtube.com/watch?v=bgKEoHNi3Uc,Action
13,Blade Runner 2049,https://www.youtube.com/watch?v=gCcx85zbxz4,Action
14,6 Underground,https://www.youtube.com/watch?v=YLE85olJjp8&t=14s,Action
15,Avengers: Infinity War,https://www.youtube.com/watch?v=6ZfuNTqbHE8,Action
16,Black Panther,https://www.youtube.com/watch?v=xjDjIWPwcPU,Action
17,The Matrix,https://www.youtube.com/watch?v=vKQi3bBA1y8,Action
18,Rambo: Last Blood,https://www.youtube.com/watch?v=km_L0v3C0ms,Action
19,Fast & Furious Presents: Hobbs & Shaw,https://www.youtube.com/watch?v=9SA7FaKxZVI,Action
20,The Dark Knight Rises,https://www.youtube.com/watch?v=GokKUqLcvD8,Action
21,Dark Pheonix,https://www.youtube.com/watch?v=1-q8C_c-nlM,Action
22,Captain America: The First Avenger,https://www.youtube.com/watch?v=JerVrbLldXw,Action
23,Captain Marvel,https://www.youtube.com/watch?v=Z1BCujX3pw8,Action
24,Alita: Battle Angel,https://www.youtube.com/watch?v=w7pYhpJaJW8,Action
25,Wonder Woman 1984,https://www.youtube.com/watch?v=sfM7_JLk-84,Action
26,Midway,https://www.youtube.com/watch?v=BfTYY_pac8o,Action
27,21 Bridges,https://www.youtube.com/watch?v=BVZDhunTrYA,Action
28,Gladiator,https://www.youtube.com/watch?v=owK1qxDselE,Action
29,John Wick: Chapter 3 - Patabellum,https://www.youtube.com/watch?v=M7XM597XO94,Action
30,Mad Max: Fury Road,https://www.youtube.com/watch?v=hEJnMQG9ev8,Action
31,The Hunger Games,https://www.youtube.com/watch?v=mfmrPu43DF8,Action
32,Mission Impossible - Fallout,https://www.youtube.com/watch?v=wb49-oV0F78,Action
33,Avatar,https://www.youtube.com/watch?v=5PSNL1qE6VY,Action
34,John Wick,https://www.youtube.com/watch?v=2AUmvWm5ZDQ,Action
35,Terminator: Dark Fate,https://www.youtube.com/watch?v=oxy8udgWRmo,Action
36,Avengers: Age of Ultron,https://www.youtube.com/watch?v=P5iIPfNzj2o,Action
37,Jurassic World,https://www.youtube.com/watch?v=RFinNxS5KN4,Action
38,Suicide Squad,https://www.youtube.com/watch?v=CmRih_VtVAs,Action
39,Venom,https://www.youtube.com/watch?v=u9Mv98Gr5pY,Action
40,Iron Man,https://www.youtube.com/watch?v=8ugaeA-nMTc,Action
41,Spectre,https://www.youtube.com/watch?v=ujmoYyEyDP8,Action
42,The Revenant,https://www.youtube.com/watch?v=LoebZZ8K5N0,Action
43,Dunkirk,https://www.youtube.com/watch?v=T7O7BtBnsG4,Action
44,F9,https://www.youtube.com/watch?v=aSiDu3Ywi8E,Action
45,Pirates of the Caribbean: The Curse of the Black Pearl,https://www.youtube.com/watch?v=naQr0uTrH_s,Action
46,Spider-Man,https://www.youtube.com/watch?v=TYMMOjBUPMM,Action
47,Avengers,https://www.youtube.com/watch?v=eOrNdBpGMv8,Action
48,Thor,https://www.youtube.com/watch?v=JOddp-nlNvQ,Action
49,Furious 7,https://www.youtube.com/watch?v=Skpu5HaVkOc,Action
50,Star Trek Beyond,https://www.youtube.com/watch?v=XRVD32rnzOw,Action
51,Rogue One: A Star Wars Story,https://www.youtube.com/watch?v=frdj1zb9sMY,Action
52,Batman Begins,https://www.youtube.com/watch?v=neY2xVmOfUM,Action
53,The Mummy,https://www.youtube.com/watch?v=vJxgxVH0Fsk,Action
54,Captain America: Civil War,https://www.youtube.com/watch?v=FkTybqcX-Yo,Action
55,Transformers: The Last Knight Trailer,https://www.youtube.com/watch?v=AntcyqJ6brc,Action
56,Sicario,https://www.youtube.com/watch?v=G8tlEcnrGnU,Action
57,Watchmen,https://www.youtube.com/watch?v=wglmbroElU0,Action
58,Logan,https://www.youtube.com/watch?v=Div0iP65aZo,Action
59,John Wick: Chapter 2,https://www.youtube.com/watch?v=XGk2EfbD_Ps,Action
60,Man of Steel,https://www.youtube.com/watch?v=KVu3gS7iJu4,Action
61,Dr. No,https://www.youtube.com/watch?v=pw61uyA0F8A,Action
62,Goldeneye,https://www.youtube.com/watch?v=8Zw8ylP4buA,Action
63,Star Wars: Episode III - Revenge of the Sith,https://www.youtube.com/watch?v=5UnjrG_N8hU,Action
64,The Incredible Hulk,https://www.youtube.com/watch?v=xbqNb2PFKKA,Action
65,X-Men,https://www.youtube.com/watch?v=VNxwlx6etXI,Action
66,The Fate of the Furious,https://www.youtube.com/watch?v=JwMKRevYa_M,Action
67,For Your Eyes Only,https://www.youtube.com/watch?v=e0iF8TCk4Fw,Action
68,Willow,https://www.youtube.com/watch?v=uzn2izehkno,Action
69,Star Trek,https://www.youtube.com/watch?v=pKFUZ10Wmbw,Action
70,Okja,https://www.youtube.com/watch?v=AjCebKn4iic,Action
71,Deep Impact,https://www.youtube.com/watch?v=9cqDWRIv7Mg,Action
72,Star Trek Into Darkness,https://www.youtube.com/watch?v=QAEkuVgt6Aw,Action
73,Star Wars: Episode V - The Empire Strikes Back,https://www.youtube.com/watch?v=JNwNXF9Y6kY,Action
74,Death Proof,https://www.youtube.com/watch?v=7mICGcg5-pM,Action
75,X-Men: Apocalypse,https://www.youtube.com/watch?v=Jer8XjMrUB4,Action
76,Gemini Man,https://www.youtube.com/watch?v=AbyJignbSj0,Action
77,300,https://www.youtube.com/watch?v=UrIbxk7idYA,Action
78,Valerian and the City of a Thousand Planets,https://www.youtube.com/watch?v=cPeqNTqZNN0,Action
79,The Man from U.N.C.L.E.,https://www.youtube.com/watch?v=-x08iNZ8Mfc,Action
80,Indiana Jones and the Temple of Doom,https://www.youtube.com/watch?v=HOwWfns4qqw,Action
81,Hellboy,https://www.youtube.com/watch?v=dt5g5_1cKVk,Action
82,The Kitchen,https://www.youtube.com/watch?v=YlcyEDZVYkw,Action
83,Divergent,https://www.youtube.com/watch?v=sutgWjz10sM,Action
84,Batman,https://www.youtube.com/watch?v=dgC9Q0uhX70,Action
85,Twister,https://www.youtube.com/watch?v=OgG2jfBfLzI,Action
86,Ocean's Thirteen,https://www.youtube.com/watch?v=sbzwtsMiVQY,Action
87,Batman v Superman: Dawn of Justice,https://www.youtube.com/watch?v=fis-9Zqu2Ro,Action
88,World War Z,https://www.youtube.com/watch?v=Md6Dvxdr0AQ,Action
89,The Hunger Games: Catching Fire,https://www.youtube.com/watch?v=MkvUNfySGQU,Action
90,Edge of Tommorow,https://www.youtube.com/watch?v=vw61gCe2oqI,Action
91,V for Vendetta,https://www.youtube.com/watch?v=lSA7mAHolAw,Action
92,Fury,https://www.youtube.com/watch?v=DNHuK1rteF4,Action
93,2012,https://www.youtube.com/watch?v=sFXGrTng0gQ,Action
94,The Matrix Reloaded,https://www.youtube.com/watch?v=kYzz0FSgpSU,Action
95,Pirates of the Caribbean: Dead Man's Chest,https://www.youtube.com/watch?v=ozk0-RHXtFw,Action
96,Pirates of the Caribbean: On Stranger Tides,https://www.youtube.com/watch?v=KR_9A-cUEJc,Action
97,Sherlock Holmes,https://www.youtube.com/watch?v=Egcx63-FfTE,Action
98,Quantum of Solace,https://www.youtube.com/watch?v=BBqYaFEWBxI,Action
99,X-Men Origins: Wolverine,https://www.youtube.com/watch?v=QojV7s3UTu0,Action
100,Hancock,https://www.youtube.com/watch?v=SkX1VuXLRSc,Action
101,Underwater,https://www.youtube.com/watch?v=jCFWEzIVILc,Horror
102,The Hunt,https://www.youtube.com/watch?v=xoWmwsPU5cQ,Horror
103,The Meg,https://www.youtube.com/watch?v=udm5jUA-2bs,Horror
104,Mandy,https://www.youtube.com/watch?v=rI054ow6KJk,Horror
105,Escape Room,https://www.youtube.com/watch?v=6dSKUoV0SNI,Horror
106,The Host,https://www.youtube.com/watch?v=1HRTy26s4hw,Horror
107,Hollow Man,https://www.youtube.com/watch?v=XufZT_CRW88,Horror
108,I Saw the Devil,https://www.youtube.com/watch?v=xwWgp1bqVwE,Horror
109,10 Cloverfield Lane,https://www.youtube.com/watch?v=saHzng8fxLs,Horror
110,Dawn of the Dead,https://www.youtube.com/watch?v=j69OPw9nFHw,Horror
111,Alien: Covenant,https://www.youtube.com/watch?v=svnAD0TApb8,Horror
112,Insidious,https://www.youtube.com/watch?v=zuZnRUcoWos,Horror
113,The Conjuring,https://www.youtube.com/watch?v=k10ETZ41q5o,Horror
114,The Bye Bye Man,https://www.youtube.com/watch?v=ZGdOnCiQRpQ,Horror
115,Blair Witch,https://www.youtube.com/watch?v=girSv9UH_V8,Horror
116,IT,https://www.youtube.com/watch?v=hAUTdjf9rko,Horror
117,The Purge,https://www.youtube.com/watch?v=K0LLaybEuzA,Horror
118,Annabelle,https://www.youtube.com/watch?v=paFgQNPGlsg,Horror
119,The Shining,https://www.youtube.com/watch?v=5Cb3ik6zP2I,Horror
120,Freddy vs. Jason,https://www.youtube.com/watch?v=ipbCUW3umJU,Horror
121,The Convenant,https://www.youtube.com/watch?v=sJkbm-a-T_U,Horror
122,Halloween,https://www.youtube.com/watch?v=ek1ePFp-nBI,Horror
123,Alien vs. Predator,https://www.youtube.com/watch?v=jC1ngKr6QA8,Horror
124,Assassination Nation,https://www.youtube.com/watch?v=d9qyOGEuLY4,Horror
125,Truth or Dare,https://www.youtube.com/watch?v=Cgnk3MLw9TM,Horror
126,Fantasy Island,https://www.youtube.com/watch?v=a6O30nJ02PU,Horror
127,The Babadook,https://www.youtube.com/watch?v=k5WQZzDRVtw,Horror
128,War of the Worlds,https://www.youtube.com/watch?v=msxe3yJPfyY,Horror
129,Saw,https://www.youtube.com/watch?v=S-1QgOMQ-ls,Horror
130,Paranormal Activity,https://www.youtube.com/watch?v=F_UxLEqd074,Horror
131,Cabin in the Woods,https://www.youtube.com/watch?v=NsIilFNNmkY,Horror
132,Godzilla: King of the Monsters,https://www.youtube.com/watch?v=wVDtmouV9kM,Horror
133,A Quiet Place,https://www.youtube.com/watch?v=WR7cc5t7tv8,Horror
134,"Abraham Lincoln, Vampire Hunter",https://www.youtube.com/watch?v=yXulj8Lgcyg,Horror
135,Midsommar,https://www.youtube.com/watch?v=1Vnghdsjmd0,Horror
136,Train to Busan,https://www.youtube.com/watch?v=pyWuHv2-Abk,Horror
137,Ma,https://www.youtube.com/watch?v=eIvbEC8N3cA,Horror
138,Hush,https://www.youtube.com/watch?v=Q_P8WCbhC6s,Horror
139,IT Chapter Two,https://www.youtube.com/watch?v=xhJ5P7Up3jA,Horror
140,The Conjuring 2,https://www.youtube.com/watch?v=VFsmuRPClr4,Horror
141,The Purge: Election Year,https://www.youtube.com/watch?v=RXMp9fBomJw,Horror
142,The Purge: Anarchy,https://www.youtube.com/watch?v=XzFCDqKE4yA,Horror
143,Paranormal Activity 2,https://www.youtube.com/watch?v=07XbSk7Rjt4,Horror
144,Paranormal Activity 3,https://www.youtube.com/watch?v=90r3CnPI0AM,Horror
145,Paranormal Activity 4,https://www.youtube.com/watch?v=g7Xn2JqH5ng,Horror
146,Paranormal Activity 5,https://www.youtube.com/watch?v=ThN-h-dwXgI,Horror
147,Paranormal Activity: The Ghost Dimension,https://www.youtube.com/watch?v=zR2cc1BwdmI,Horror
148,The Ring,https://www.youtube.com/watch?v=yzR2GY-ew8I,Horror
149,The Village,https://www.youtube.com/watch?v=sTGyhwvdY6k,Horror
150,The Grudge,https://www.youtube.com/watch?v=O2NKzO-fxwQ,Horror
151,Dead Silence,https://www.youtube.com/watch?v=8b_HVtHmK30,Horror
152,The Platform,https://www.youtube.com/watch?v=RlfooqeZcdY,Horror
153,The Invisible Man,https://www.youtube.com/watch?v=WO_FJdiY9dA,Horror
154,Gretel and Hansel,https://www.youtube.com/watch?v=QZblQLhKcZQ,Horror
155,The Killing of a Sacred Deer,https://www.youtube.com/watch?v=CQFdGfwChtw,Horror
156,Antrum,https://www.youtube.com/watch?v=gzJd58xHv7w,Horror
157,Doctor Sleep,https://www.youtube.com/watch?v=BOzFZxB-8cw,Horror
158,Vivarium,https://www.youtube.com/watch?v=U3Xy2x9NDrw,Horror
159,I See You,https://www.youtube.com/watch?v=ulSVg5Um1kQ,Horror
160,Hereditary,https://www.youtube.com/watch?v=V6wWKNij_1M,Horror
161,The Turning,https://www.youtube.com/watch?v=rl33gU2APIs,Horror
162,Get Out,https://www.youtube.com/watch?v=DzfpyUB60YY,Horror
163,Annihilation,https://www.youtube.com/watch?v=89OP78l9oF0,Horror
164,Us,https://www.youtube.com/watch?v=hNCmb-4oXJA,Horror
165,Upgrade,https://www.youtube.com/watch?v=36PDeN9NRZ0,Horror
166,The Witch,https://www.youtube.com/watch?v=iQXmlf3Sefg,Horror
167,Color Out of Space,https://www.youtube.com/watch?v=RfYAXMwCpk0,Horror
168,Mother!,https://www.youtube.com/watch?v=XpICoc65uh0,Horror
169,Bird Box,https://www.youtube.com/watch?v=o2AsIXSh2xo,Horror
170,The Wretched,https://www.youtube.com/watch?v=erLjdjq-37U,Horror
171,Behind You,https://www.youtube.com/watch?v=kBssUmBxLBc,Horror
172,28 Days Later,https://www.youtube.com/watch?v=c7ynwAgQlDQ,Horror
173,Split,https://www.youtube.com/watch?v=84TouqfIsiI,Horror
174,The Invitation,https://www.youtube.com/watch?v=0-mp77SZ_0M,Horror
175,Suspiria,https://www.youtube.com/watch?v=BY6QKRl56Ok,Horror
176,Brightburn,https://www.youtube.com/watch?v=g6eB0JT1DI4,Horror
177,Crimson Peak,https://www.youtube.com/watch?v=oquZifON8Eg,Horror
178,Gerald's Game,https://www.youtube.com/watch?v=twbGU2CqqQU,Horror
179,Scary Stories to Tell in the Dark,https://www.youtube.com/watch?v=Vlya92LZqZw,Horror
180,Crawl,https://www.youtube.com/watch?v=H6MLJG0RdDE,Horror
181,Child's Play,https://www.youtube.com/watch?v=PeHNLikDiVw,Horror
182,47 Meters Down,https://www.youtube.com/watch?v=ddYSGGJAKOk,Horror
183,47 Meters Down: Uncaged,https://www.youtube.com/watch?v=AvXjx8SZbv8,Horror
184,Tusk,https://www.youtube.com/watch?v=BCQJnOn0ru0,Horror
185,Under the Skin,https://www.youtube.com/watch?v=CcR5KHjoc-0,Horror
186,Climax,https://www.youtube.com/watch?v=Hi69nL_VrTE,Horror
187,The Green Knight,https://www.youtube.com/watch?v=VoJc2tH3WBw,Horror
188,The House That Jack Built,https://www.youtube.com/watch?v=BYF2tfdD1fA,Horror
189,In the Tall Grass,https://www.youtube.com/watch?v=7afc9gTbVFI,Horror
190,The Conjuring 3,https://www.youtube.com/watch?v=7g9VWKczN8g,Horror
191,Don't Breathe,https://www.youtube.com/watch?v=76yBTNDB6vU,Horror
192,The Descent,https://www.youtube.com/watch?v=CSYg7Z1KS_I,Horror
193,The Neon Demon,https://www.youtube.com/watch?v=cipOTUO0CmU,Horror
194,Annabelle Comes Home,https://www.youtube.com/watch?v=EMa-KFfatT0,Horror
195,1922,https://www.youtube.com/watch?v=3E_fT0aTsjI,Horror
196,Pet Sematary,https://www.youtube.com/watch?v=zK0LNzU2TQI,Horror
197,The Ritual,https://www.youtube.com/watch?v=Vfugwq2uoa0,Horror
198,Life,https://www.youtube.com/watch?v=cuA-xqBw4jE,Horror
199,The Silence,https://www.youtube.com/watch?v=Y-ufZuqTd5c,Horror
200,Green Room,https://www.youtube.com/watch?v=yKdVYUXyBzU,Horror
201,Valley Girl,https://www.youtube.com/watch?v=pLhYFWwACo4,Comedy
202,Love Wedding Repeat,https://www.youtube.com/watch?v=x6CyqhYsLqo,Comedy
203,Jumanji: The Next Level,https://www.youtube.com/watch?v=rBxcF-r9Ibs,Comedy
204,Jojo Rabbit,https://www.youtube.com/watch?v=tL4McUzXfFI,Comedy
205,Dolittle,https://www.youtube.com/watch?v=FEf412bSPLs,Comedy
206,Yesterday,https://www.youtube.com/watch?v=6uqvgPm8U4c,Comedy
207,Good Boys,https://www.youtube.com/watch?v=zPXqwAGmX04,Comedy
208,Hustlers,https://www.youtube.com/watch?v=LUG2U-IxPx0,Comedy
209,"Hail, Caesar!",https://www.youtube.com/watch?v=JRqKieJzCeo,Comedy
210,Emma.,https://www.youtube.com/watch?v=qsOwj0PR5Sk,Comedy
211,Booksmart,https://www.youtube.com/watch?v=Uhd3lo_IWJc,Comedy
212,Lady Bird,https://www.youtube.com/watch?v=cNi_HC839Wo,Comedy
213,"Crazy, Stupid, Love.",https://www.youtube.com/watch?v=8iCwtxJejik,Comedy
214,The Wrong Missy,https://www.youtube.com/watch?v=2Cwaneq2w-4,Comedy
215,Like A Boss,https://www.youtube.com/watch?v=9ESkyRFEso4,Comedy
216,Jay and Silent Bob Reboot,https://www.youtube.com/watch?v=cg74gGSzeYY,Comedy
217,The Hangover,https://www.youtube.com/watch?v=tcdUhdOlz9M,Comedy
218,Tag,https://www.youtube.com/watch?v=kjC1zmZo30U,Comedy
219,Scott Pilgrim Vs. The World,https://www.youtube.com/watch?v=7wd5KEaOtm4,Comedy
220,Love Actually,https://www.youtube.com/watch?v=fOS-HMiVejo,Comedy
221,Fred: The Movie,https://www.youtube.com/watch?v=y75ERqdjmHE,Comedy
222,Charlie and the Chocolate Factory,https://www.youtube.com/watch?v=OFVGCUIXJls,Comedy
223,The Grand Budapest Hotel,https://www.youtube.com/watch?v=1Fg5iWmQjwk,Comedy
224,Long Shot,https://www.youtube.com/watch?v=S5jiaHvx-kY,Comedy
225,Superbad,https://www.youtube.com/watch?v=4eaZ_48ZYog,Comedy
226,The Truman Show,https://www.youtube.com/watch?v=dlnmQbPGuls,Comedy
227,Blow the Man Down,https://www.youtube.com/watch?v=uWM1U_kd0rE,Comedy
228,La La Land,https://www.youtube.com/watch?v=0pdqf4P9MB8,Comedy
229,A Rainy Day in New York,https://www.youtube.com/watch?v=yIVRldiVDL8,Comedy
230,Crazy Rich Asians,https://www.youtube.com/watch?v=ZQ-YX-5bAs0,Comedy
231,Focus,https://www.youtube.com/watch?v=MxCRgtdAuBo,Comedy
232,We're the Millers,https://www.youtube.com/watch?v=0Vsy5KzsieQ,Comedy
233,Mean Girls,https://www.youtube.com/watch?v=oDU84nmSDZY,Comedy
234,Mamma Mia!,https://www.youtube.com/watch?v=iCVpJ8x1Tnc,Comedy
235,Mamma Mia! Here We Go Again!,https://www.youtube.com/watch?v=shS-jtFOuHw,Comedy
236,The Lobster,https://www.youtube.com/watch?v=vU29VfayDMw,Comedy
237,The Healer,https://www.youtube.com/watch?v=Bm10HivE9u0,Comedy
238,Instant Family,https://www.youtube.com/watch?v=IUfZq3DUd3Y,Comedy
239,About Time,https://www.youtube.com/watch?v=T7A810duHvw,Comedy
240,War Dogs,https://www.youtube.com/watch?v=Rwh9c_E3dJk,Comedy
241,Logan Lucky,https://www.youtube.com/watch?v=aPzvKH8AVf0,Comedy
242,Bridesmaids,https://www.youtube.com/watch?v=FNppLrmdyug,Comedy
243,Dummy,https://www.youtube.com/watch?v=H1O7bBWYco8,Comedy
244,Isn't It Romantic,https://www.youtube.com/watch?v=YVYzxm_RqMg,Comedy
245,Blinded by the Light,https://www.youtube.com/watch?v=DmmHvnS0IKM,Comedy
246,Pitch Perfct,https://www.youtube.com/watch?v=8dItOM6eYXY,Comedy
247,Step Brothers,https://www.youtube.com/watch?v=CewglxElBK0,Comedy
248,The Two Popes,https://www.youtube.com/watch?v=T5OhkFY1PQE,Comedy
249,Napoleon Dynamite,https://www.youtube.com/watch?v=XM7yDuDR_XQ,Comedy
250,Dodgeball,https://www.youtube.com/watch?v=W-XbDZUnUmw,Comedy
251,Bad Therapy,https://www.youtube.com/watch?v=mgoo4dvshLw,Comedy
252,White Chicks,https://www.youtube.com/watch?v=aeVkbNka9HM,Comedy
253,Captain Fantastic,https://www.youtube.com/watch?v=DHJuC8U8CHU,Comedy
254,He's Just Not That Into You,https://www.youtube.com/watch?v=3_DHhPckJNo,Comedy
255,The Farewell,https://www.youtube.com/watch?v=RofpAjqwMa8,Comedy
256,The Princess Diaries,https://www.youtube.com/watch?v=2CkcwPi20ms,Comedy
257,The Devil Wears Prada,https://www.youtube.com/watch?v=6ZOZwUQKu3E,Comedy
258,Night at the Museum,https://www.youtube.com/watch?v=IzEsKHQq3Fg,Comedy
259,Night at the Museum: Battle of the Smithsonian,https://www.youtube.com/watch?v=UQyrz5V7Vuw,Comedy
260,Night at the Museum: Secret of the Tomb,https://www.youtube.com/watch?v=KMKk7Dn__-Y,Comedy
261,Movie 43,https://www.youtube.com/watch?v=A9fBCkwDW8c,Comedy
262,The Hustle,https://www.youtube.com/watch?v=_j5hwooOHVE,Comedy
263,The Kissing Booth,https://www.youtube.com/watch?v=7bfS6seiLhk,Comedy
264,Just Go With It,https://www.youtube.com/watch?v=fpj7i2CPt8M,Comedy
265,Midnight in Paris,https://www.youtube.com/watch?v=FAfR8omt-CY,Comedy
266,Son of the Mask,https://www.youtube.com/watch?v=FKwtGHbpVDU&t=1s,Comedy
267,The Longest Yard,https://www.youtube.com/watch?v=l1BF53bXP8I,Comedy
268,This is the End,https://www.youtube.com/watch?v=kliQSsD_npo,Comedy
269,The Disaster Artist,https://www.youtube.com/watch?v=sPSJYXi7BWA,Comedy
270,The Upside,https://www.youtube.com/watch?v=Dt1EEV-Szu4,Comedy
271,Moonrise Kingdom,https://www.youtube.com/watch?v=7N8wkVA4_8s,Comedy
272,Sky High,https://www.youtube.com/watch?v=G7aMWVN1ThM,Comedy
273,Chef,https://www.youtube.com/watch?v=FF_rYNupPwg,Comedy
274,Hall Pass,https://www.youtube.com/watch?v=1JMCvX6qXuo,Comedy
275,Abe,https://www.youtube.com/watch?v=Jp-9t0CutNg&t=34s,Comedy
276,Grown Ups,https://www.youtube.com/watch?v=e01NVCveGkg,Comedy
277,Grown Ups 2,https://www.youtube.com/watch?v=a_c3hW0Uyvc,Comedy
278,50 First Dates,https://www.youtube.com/watch?v=Q_2AbjYeSMI,Comedy
279,Little Miss Sunshine,https://www.youtube.com/watch?v=wvwVkllXT80,Comedy
280,How To Build A Girl,https://www.youtube.com/watch?v=X7rPlAv1Ceo,Comedy
281,Wedding Crashers,https://www.youtube.com/watch?v=ZeUSo8voIXM,Comedy
282,No Strings Attached,https://www.youtube.com/watch?v=XGmsRMvQ2AM,Comedy
283,Ted,https://www.youtube.com/watch?v=XGmsRMvQ2AM,Comedy
284,Get Him to the Greek,https://www.youtube.com/watch?v=Nadp60OP4D4,Comedy
285,She's Out of My League,https://www.youtube.com/watch?v=9mj4_hUEnpU,Comedy
286,Little Italy,https://www.youtube.com/watch?v=eKCaF6AreHE,Comedy
287,The Intern,https://www.youtube.com/watch?v=ZU3Xban0Y6A,Comedy
288,"Love, Rosie",https://www.youtube.com/watch?v=5zL3YJKygd4,Comedy
289,Secretary,https://www.youtube.com/watch?v=AFma24S-Uvw,Comedy
290,Your Highness,https://www.youtube.com/watch?v=FplWxtPzWY8,Comedy
291,The 40-Year-Old Virgin,https://www.youtube.com/watch?v=s7a_9CggQuE,Comedy
292,She's The Man,https://www.youtube.com/watch?v=jf67WlthWXk,Comedy
293,The Hot Chick,https://www.youtube.com/watch?v=6z5zbY-0QCA,Comedy
294,The Animal,https://www.youtube.com/watch?v=pBwcksgKcFs,Comedy
295,The Holiday,https://www.youtube.com/watch?v=BDi5zH18vxU,Comedy
296,Last Christmas,https://www.youtube.com/watch?v=z9CEIcmWmtA,Comedy
297,Pineapple Express,https://www.youtube.com/watch?v=BWZt4v6b1hI,Comedy
298,Harold and Kumar Go to White Castle,https://www.youtube.com/watch?v=cwP5E15VzRM,Comedy
299,Harold and Kumar Escape from Guantanamo Bay,https://www.youtube.com/watch?v=y_NOc6yH5JY,Comedy
300,Year One,https://www.youtube.com/watch?v=4H_Eepvg3aU,Comedy
